{"cameraMode":{"drawMode":0,"name":"Shaded","section":"Shading Mode"},"sceneLighting":false,"audioPlay":false,"sceneViewState":{"showFog":true,"showMaterialUpdate":true,"showSkybox":true,"showFlares":true,"showImageEffects":true,"showParticleSystems":true},"in2DMode":false,"pivot":{"x":-3.0778579711914064,"y":-3.858070135116577,"z":-5.497124671936035},"rotation":{"x":-0.057933203876018527,"y":0.9400266408920288,"z":-0.20361432433128358,"w":-0.2674601376056671},"size":22.0,"orthographic":false}